<?xml version="1.0" encoding="utf-8"?>
<extension version="2.5" client="administrator" type="language" method="upgrade">
	<name>Bahasa Malaysia</name>
    <tag>ms-MY</tag>
    <version>2.5.10.1</version>
    <creationDate>2012-07-23</creationDate>
    <author>Multimedia UKM</author>
    <authorEmail>multimedia@ptm.ukm.my</authorEmail>
    <authorUrl>www.ukm.my</authorUrl>
    <copyright>Hak Cipta (C) 2005 - 2012 Joomla Open Source Matters. Semua Hak dilindungi</copyright>
    <license>Lesen GNU General Public versi 2 atau lebih tinggi; lihat LICENSE.txt</license>
    <description>Pakej Bahasa Malaysia untuk Joomla! 2.5</description>
    <files>
        <filename>index.html</filename>
        <filename>ms-MY.com_admin.ini</filename>
        <filename>ms-MY.com_admin.sys.ini</filename>
        <filename>ms-MY.com_banners.sys.ini</filename>
        <filename>ms-MY.com_cache.sys.ini</filename>
        <filename>ms-MY.com_categories.sys.ini</filename>
        <filename>ms-MY.com_checkin.sys.ini</filename>
        <filename>ms-MY.com_config.sys.ini</filename>
        <filename>ms-MY.com_cpanel.ini</filename>
        <filename>ms-MY.com_cpanel.sys.ini</filename>
        <filename>ms-MY.com_installer.sys.ini</filename>
        <filename>ms-MY.com_joomlaupdate.sys.ini</filename>
        <filename>ms-MY.com_languages.sys.ini</filename>
        <filename>ms-MY.com_localise.sys.ini</filename>
        <filename>ms-MY.com_login.sys.ini</filename>
        <filename>ms-MY.com_media.sys.ini</filename>
        <filename>ms-MY.com_menus.sys.ini</filename>
        <filename>ms-MY.com_messages.sys.ini</filename>
        <filename>ms-MY.com_modules.sys.ini</filename>
        <filename>ms-MY.com_plugins.sys.ini</filename>
        <filename>ms-MY.com_redirect.sys.ini</filename>
        <filename>ms-MY.com_search.sys.ini</filename>
        <filename>ms-MY.com_templates.sys.ini</filename>
        <filename>ms-MY.localise.php</filename>
        <filename>ms-MY.mod_custom.ini</filename>
        <filename>ms-MY.mod_feed.sys.ini</filename>
        <filename>ms-MY.mod_latest.sys.ini</filename>
        <filename>ms-MY.mod_multilangstatus.ini</filename>
        <filename>ms-MY.mod_popular.sys.ini</filename>
        <filename>ms-MY.plg_authentication_gmail.sys.ini</filename>
        <filename>ms-MY.plg_content_geshi.sys.ini</filename>
        <filename>ms-MY.plg_editors-xtd_readmore.sys.ini</filename>
        <filename>ms-MY.plg_system_redirect.sys.ini</filename>
        <filename>ms-MY.plg_system_remember.ini</filename>
        <filename>ms-MY.plg_system_remember.sys.ini</filename>
        <filename>ms-MY.plg_system_sef.ini</filename>
        <filename>ms-MY.plg_system_sef.sys.ini</filename>
        <filename>ms-MY.plg_user_contactcreator.sys.ini</filename>
        <filename>ms-MY.plg_user_joomla.sys.ini</filename>
        <filename>ms-MY.plg_user_profile.sys.ini</filename>
        <filename file="meta">install.xml</filename>
        <filename file="meta">ms-MY.xml</filename>
    </files>
    <params />
</extension>