<?xml version="1.0" encoding="utf-8"?>
<metafile version="1.6" client="site" >
	<tag>ms-MY</tag>
	<name>Bahasa Malaysia (Malaysia)</name>
	<description>ms-MY administrator language</description>
	<version>2.5.10.1</version>
	<creationDate>2013-07-23</creationDate>
	<author>Multimedia UKM</author>
	<authorEmail>multimedia@ptm.ukm.my</authorEmail>
	<authorUrl>www.ukm.my</authorUrl>
	<copyright>Copyright (C) 2005 - 2013 Open Source Matters. All rights reserved.</copyright>
	<copyright></copyright>
	<license>GNU General Public License version 2 or later; see LICENSE.txt</license>
	<metadata>
		<name>Bahasa Malaysia (Malaysia)</name>
		<tag>ms-MY</tag>
		<rtl>0</rtl>
		<locale>ms_MY.utf8, ms_MY.UTF-8, ms_MY, ms, bahasa malaysia, malay</locale>
		<firstDay>0</firstDay>
	</metadata>
	<params />
</metafile>
